entry_date,entry_data,ai_insights
2025-08-01,"{""mood"":{""overall"":6},""energy"":{""level"":5,""consistency"":""steady""},""sleep"":{""quality"":7,""hours"":7.5}}",
2025-08-02,"{""mood"":{""overall"":7},""energy"":{""level"":6},""sleep"":{""hours"":8.0}}",
2025-08-03,"{""mood"":{""overall"":4},""energy"":{""level"":3,""consistency"":""crashed""},""sleep"":{""quality"":5,""hours"":6.0},""symptoms"":{""physical"":[""cramps"",""bloating""]}}",
2025-08-04,"{""mood"":{""overall"":5},""energy"":{""level"":4},""sleep"":{""hours"":6.5},""symptoms"":{""physical"":[""cramps""]}}",
2025-08-05,"{""mood"":{""overall"":7},""energy"":{""level"":7,""consistency"":""steady""},""sleep"":{""quality"":8,""hours"":8.5}}",
2025-08-07,"{""mood"":{""overall"":8},""energy"":{""level"":8},""sleep"":{""hours"":7.5}}",
2025-08-08,"{""mood"":{""overall"":6},""energy"":{""level"":5,""consistency"":""fluctuating""},""sleep"":{""quality"":6,""hours"":7.0}}",
2025-08-09,"{""mood"":{""overall"":9},""energy"":{""level"":9,""consistency"":""steady""},""sleep"":{""quality"":9,""hours"":8.0}}",
2025-08-10,"{""mood"":{""overall"":7},""energy"":{""level"":7},""sleep"":{""hours"":7.5}}",
2025-08-11,"{""mood"":{""overall"":5},""energy"":{""level"":4,""consistency"":""fluctuating""},""sleep"":{""quality"":5,""hours"":6.5}}",
2025-08-12,"{""mood"":{""overall"":8},""energy"":{""level"":8,""consistency"":""steady""},""sleep"":{""quality"":8,""hours"":8.0}}",
2025-08-13,"{""mood"":{""overall"":7},""energy"":{""level"":6},""sleep"":{""hours"":7.0}}",
2025-08-14,"{""mood"":{""overall"":6},""energy"":{""level"":5,""consistency"":""steady""},""sleep"":{""quality"":7,""hours"":7.5}}",
2025-08-15,"{""mood"":{""overall"":8},""energy"":{""level"":7},""sleep"":{""hours"":8.5}}",
2025-08-16,"{""mood"":{""overall"":7},""energy"":{""level"":6,""consistency"":""steady""},""sleep"":{""quality"":7,""hours"":7.0}}",
2025-08-17,"{""mood"":{""overall"":6},""sleep"":{""hours"":6.5}}",
2025-08-18,"{""mood"":{""overall"":8},""energy"":{""level"":8,""consistency"":""steady""},""sleep"":{""quality"":8,""hours"":8.0}}",
2025-08-19,"{""mood"":{""overall"":5},""energy"":{""level"":4},""sleep"":{""hours"":6.0}}",
2025-08-20,"{""mood"":{""overall"":7},""energy"":{""level"":7,""consistency"":""steady""},""sleep"":{""quality"":7,""hours"":7.5}}",
2025-08-21,"{""mood"":{""overall"":8},""energy"":{""level"":8},""sleep"":{""hours"":8.0}}",
2025-08-22,"{""mood"":{""overall"":6},""energy"":{""level"":5,""consistency"":""fluctuating""},""sleep"":{""quality"":6,""hours"":7.0}}",
2025-08-23,"{""mood"":{""overall"":9},""energy"":{""level"":9,""consistency"":""steady""},""sleep"":{""quality"":9,""hours"":8.5}}",
2025-08-24,"{""mood"":{""overall"":7},""sleep"":{""hours"":7.5}}",
2025-08-25,"{""mood"":{""overall"":5},""energy"":{""level"":4},""sleep"":{""hours"":6.5}}",
2025-08-26,"{""mood"":{""overall"":8},""energy"":{""level"":8,""consistency"":""steady""},""sleep"":{""quality"":8,""hours"":8.0}}",
2025-08-27,"{""mood"":{""overall"":7},""energy"":{""level"":6},""sleep"":{""hours"":7.0}}",
2025-08-28,"{""mood"":{""overall"":6},""energy"":{""level"":5,""consistency"":""steady""},""sleep"":{""quality"":7,""hours"":7.5}}",
2025-08-29,"{""mood"":{""overall"":8},""energy"":{""level"":7},""sleep"":{""hours"":8.0}}",
2025-08-30,"{""mood"":{""overall"":7},""energy"":{""level"":7,""consistency"":""steady""},""sleep"":{""quality"":7,""hours"":7.5}}",
2025-09-01,"{""discharge"":{""amount"":""light"",""consistency"":""sticky""},""mood"":{""overall"":7},""energy"":{""level"":6}}",
2025-09-02,"{""discharge"":{""amount"":""light"",""consistency"":""sticky""},""mood"":{""overall"":7},""sleep"":{""hours"":7.5}}",
2025-09-03,"{""discharge"":{""amount"":""moderate"",""consistency"":""creamy""},""mood"":{""overall"":8},""energy"":{""level"":8,""consistency"":""steady""}}",
2025-09-04,"{""discharge"":{""amount"":""moderate"",""consistency"":""creamy""},""mood"":{""overall"":8},""sleep"":{""hours"":8.0}}",
2025-09-05,"{""discharge"":{""amount"":""moderate"",""consistency"":""egg_white""},""mood"":{""overall"":9},""energy"":{""level"":9},""sleep"":{""quality"":9,""hours"":8.5}}",
2025-09-06,"{""discharge"":{""amount"":""moderate"",""consistency"":""egg_white""},""mood"":{""overall"":8},""energy"":{""level"":8,""consistency"":""steady""}}",
2025-09-07,"{""discharge"":{""amount"":""moderate"",""consistency"":""watery""},""mood"":{""overall"":8},""sleep"":{""hours"":8.0}}",
2025-09-08,"{""discharge"":{""amount"":""moderate"",""consistency"":""watery""},""mood"":{""overall"":7},""energy"":{""level"":7}}",
2025-09-09,"{""discharge"":{""amount"":""light"",""consistency"":""creamy""},""mood"":{""overall"":7},""sleep"":{""hours"":7.5}}",
2025-09-10,"{""discharge"":{""amount"":""light"",""consistency"":""creamy""},""mood"":{""overall"":6},""energy"":{""level"":6,""consistency"":""steady""}}",
2025-09-11,"{""discharge"":{""amount"":""none"",""consistency"":""dry""},""mood"":{""overall"":6},""sleep"":{""hours"":7.0}}",
2025-09-12,"{""discharge"":{""amount"":""none"",""consistency"":""dry""},""mood"":{""overall"":5},""energy"":{""level"":5}}",
2025-09-13,"{""discharge"":{""amount"":""none"",""consistency"":""dry""},""mood"":{""overall"":5},""energy"":{""level"":4,""consistency"":""fluctuating""},""sleep"":{""quality"":5,""hours"":6.5}}",
2025-09-14,"{""discharge"":{""amount"":""light"",""consistency"":""sticky""},""mood"":{""overall"":6},""sleep"":{""hours"":7.0}}",
2025-09-15,"{""discharge"":{""amount"":""light"",""consistency"":""sticky""},""mood"":{""overall"":7},""energy"":{""level"":6,""consistency"":""steady""}}",
2025-09-16,"{""discharge"":{""amount"":""moderate"",""consistency"":""creamy""},""mood"":{""overall"":8},""sleep"":{""hours"":8.0}}",
2025-09-17,"{""discharge"":{""amount"":""moderate"",""consistency"":""creamy""},""mood"":{""overall"":8},""energy"":{""level"":8}}",
2025-09-18,"{""discharge"":{""amount"":""moderate"",""consistency"":""egg_white""},""mood"":{""overall"":9},""energy"":{""level"":9,""consistency"":""steady""},""sleep"":{""quality"":9,""hours"":8.5}}",
2025-09-19,"{""discharge"":{""amount"":""moderate"",""consistency"":""egg_white""},""mood"":{""overall"":8},""sleep"":{""hours"":8.0}}",
2025-09-20,"{""discharge"":{""amount"":""moderate"",""consistency"":""watery""},""mood"":{""overall"":8},""energy"":{""level"":8}}",
2025-09-21,"{""discharge"":{""amount"":""moderate"",""consistency"":""watery""},""mood"":{""overall"":7},""sleep"":{""hours"":7.5}}",
2025-09-22,"{""symptoms"":{""physical"":[""cramps"",""bloating""],""emotional"":[""irritable""]},""mood"":{""overall"":4},""energy"":{""level"":3,""consistency"":""crashed""},""sleep"":{""quality"":5,""hours"":6.0}}",
2025-09-23,"{""symptoms"":{""physical"":[""cramps"",""headache""]},""mood"":{""overall"":5},""energy"":{""level"":4},""sleep"":{""hours"":6.5}}",
2025-09-24,"{""symptoms"":{""physical"":[""cramps"",""back_pain""]},""mood"":{""overall"":4},""energy"":{""level"":3,""consistency"":""crashed""},""sleep"":{""quality"":4,""hours"":6.0}}",
2025-09-25,"{""symptoms"":{""physical"":[""cramps"",""bloating""]},""mood"":{""overall"":5},""energy"":{""level"":4},""sleep"":{""hours"":6.5}}",
2025-09-26,"{""energy"":{""level"":5,""consistency"":""steady""},""mood"":{""overall"":5},""sleep"":{""quality"":6,""hours"":7.0}}",
2025-09-27,"{""energy"":{""level"":6},""mood"":{""overall"":6},""sleep"":{""hours"":7.5}}",
2025-09-28,"{""energy"":{""level"":4,""consistency"":""fluctuating""},""mood"":{""overall"":4},""sleep"":{""quality"":5,""hours"":6.5}}",
2025-09-29,"{""energy"":{""level"":7,""consistency"":""steady""},""mood"":{""overall"":7},""sleep"":{""hours"":8.0}}",
2025-09-30,"{""energy"":{""level"":5},""mood"":{""overall"":5},""sleep"":{""quality"":6,""hours"":7.0}}",
2025-10-01,"{""energy"":{""level"":8,""consistency"":""steady""},""mood"":{""overall"":8},""sleep"":{""hours"":8.5}}",
2025-10-02,"{""energy"":{""level"":6},""mood"":{""overall"":6},""sleep"":{""quality"":7,""hours"":7.5}}",
2025-10-03,"{""energy"":{""level"":7,""consistency"":""steady""},""mood"":{""overall"":7},""sleep"":{""hours"":8.0}}",
2025-10-04,"{""energy"":{""level"":5,""consistency"":""fluctuating""},""mood"":{""overall"":5},""sleep"":{""quality"":6,""hours"":7.0}}",
2025-10-05,"{""energy"":{""level"":9,""consistency"":""steady""},""mood"":{""overall"":9},""sleep"":{""quality"":9,""hours"":8.5}}",